filename,width,height,class,xmin,ymin,xmax,ymax
frame0.jpg,464,848,se,2,269,107,455
frame1000.jpg,464,848,se,62,305,145,482
frame1008.jpg,464,848,se,78,285,164,466
frame1016.jpg,464,848,se,93,291,180,470
frame1024.jpg,464,848,se,105,282,191,458
frame1032.jpg,464,848,se,107,281,195,461
frame104.jpg,464,848,se,16,207,126,398
frame1040.jpg,464,848,se,87,289,168,462
frame1048.jpg,464,848,se,68,286,161,458
frame1056.jpg,464,848,se,73,273,155,452
frame1064.jpg,464,848,se,57,284,137,454
frame1072.jpg,464,848,se,48,302,126,466
frame1080.jpg,464,848,se,54,299,128,463
frame1088.jpg,464,848,se,69,337,144,500
frame1096.jpg,464,848,se,66,357,139,509
frame1104.jpg,464,848,se,80,361,154,520
frame1112.jpg,464,848,se,98,343,177,498
frame112.jpg,464,848,se,8,213,121,403
frame1120.jpg,464,848,se,89,343,171,496
frame1128.jpg,464,848,se,94,341,172,502
frame1136.jpg,464,848,se,123,352,199,511
frame1144.jpg,464,848,se,117,358,193,520
frame1152.jpg,464,848,se,122,340,196,516
frame1160.jpg,464,848,se,121,282,203,450
frame1168.jpg,464,848,se,123,270,204,446
frame1176.jpg,464,848,se,122,296,216,477
frame1184.jpg,464,848,se,123,298,204,470
frame1192.jpg,464,848,se,122,294,209,471
frame120.jpg,464,848,se,4,213,117,394
frame1200.jpg,464,848,se,132,284,217,458
frame1208.jpg,464,848,se,130,282,217,449
frame1216.jpg,464,848,se,155,276,237,452
frame1224.jpg,464,848,se,172,275,262,450
frame1232.jpg,464,848,se,166,273,250,445
frame1240.jpg,464,848,se,172,249,252,421
frame1248.jpg,464,848,se,178,237,272,413
frame1256.jpg,464,848,se,226,248,316,427
frame1264.jpg,464,848,se,240,259,330,448
frame1272.jpg,464,848,se,250,308,334,493
frame128.jpg,464,848,se,14,214,127,399
frame1280.jpg,464,848,se,253,372,327,525
frame1288.jpg,464,848,se,264,414,363,554
frame1296.jpg,464,848,se,249,394,362,541
frame1304.jpg,464,848,se,198,311,285,495
frame1312.jpg,464,848,se,143,289,230,476
frame1320.jpg,464,848,se,66,257,157,450
frame1328.jpg,464,848,se,40,252,143,425
frame1336.jpg,464,848,se,41,248,130,435
frame1344.jpg,464,848,se,32,286,116,467
frame1352.jpg,464,848,se,37,311,116,481
frame136.jpg,464,848,se,13,213,137,399
frame1360.jpg,464,848,se,32,331,112,486
frame1368.jpg,464,848,se,41,304,117,455
frame1376.jpg,464,848,se,53,312,125,463
frame1384.jpg,464,848,se,52,337,127,489
frame1392.jpg,464,848,se,44,350,121,499
frame1400.jpg,464,848,se,49,348,126,491
frame1408.jpg,464,848,se,57,377,134,522
frame1416.jpg,464,848,se,63,380,143,526
frame1424.jpg,464,848,se,86,355,163,511
frame1432.jpg,464,848,se,80,302,158,475
frame1440.jpg,464,848,se,54,291,131,461
frame1448.jpg,464,848,se,28,268,103,446
frame1456.jpg,464,848,se,26,268,107,441
frame1464.jpg,464,848,se,18,255,99,431
frame1472.jpg,464,848,se,28,267,108,448
frame1480.jpg,464,848,se,27,246,104,423
frame1488.jpg,464,848,se,44,244,116,420
frame1496.jpg,464,848,se,58,221,134,399
frame1504.jpg,464,848,se,37,214,122,405
frame1512.jpg,464,848,se,31,203,128,402
frame1520.jpg,464,848,se,36,221,136,416
frame1528.jpg,464,848,se,32,225,139,435
frame1536.jpg,464,848,se,72,257,185,458
frame1544.jpg,464,848,se,97,275,201,463
frame1552.jpg,464,848,se,118,208,223,408
frame1560.jpg,464,848,se,105,190,223,393
frame1568.jpg,464,848,se,99,200,202,416
frame1576.jpg,464,848,se,89,211,184,420
frame1584.jpg,464,848,se,96,164,189,370
frame1592.jpg,464,848,se,73,173,172,376
frame16.jpg,464,848,se,55,223,178,399
frame1600.jpg,464,848,se,76,168,172,375
frame1608.jpg,464,848,se,71,171,167,372
frame1616.jpg,464,848,se,76,159,182,378
frame1624.jpg,464,848,se,72,159,173,371
frame1632.jpg,464,848,se,80,150,175,358
frame1640.jpg,464,848,se,91,172,186,376
frame1648.jpg,464,848,se,126,191,221,396
frame1656.jpg,464,848,se,148,205,253,402
frame1664.jpg,464,848,se,140,217,241,420
frame1672.jpg,464,848,se,143,228,253,428
frame168.jpg,464,848,se,45,218,168,412
frame1680.jpg,464,848,se,131,198,225,402
frame1688.jpg,464,848,se,48,199,144,389
frame1696.jpg,464,848,se,35,162,122,350
frame1704.jpg,464,848,se,26,177,121,364
frame1712.jpg,464,848,se,43,173,143,354
frame1720.jpg,464,848,se,30,193,126,371
frame1728.jpg,464,848,se,27,205,123,381
frame1736.jpg,464,848,se,21,185,125,364
frame1744.jpg,464,848,se,40,178,132,357
frame1752.jpg,464,848,se,49,226,146,409
frame176.jpg,464,848,se,80,230,200,405
frame1760.jpg,464,848,se,34,222,139,417
frame1768.jpg,464,848,se,16,226,122,413
frame1776.jpg,464,848,se,14,236,103,423
frame1784.jpg,464,848,se,8,244,111,434
frame1792.jpg,464,848,se,25,246,128,436
frame1800.jpg,464,848,se,48,249,143,434
frame1808.jpg,464,848,se,54,239,152,435
frame1816.jpg,464,848,se,66,241,162,427
frame1824.jpg,464,848,se,85,248,175,434
frame1832.jpg,464,848,se,102,262,189,440
frame184.jpg,464,848,se,123,225,226,409
frame1840.jpg,464,848,se,102,266,196,449
frame1848.jpg,464,848,se,102,281,193,461
frame1856.jpg,464,848,se,89,278,187,462
frame1864.jpg,464,848,se,80,291,176,476
frame1872.jpg,464,848,se,61,300,159,484
frame1880.jpg,464,848,se,53,302,148,489
frame1888.jpg,464,848,se,45,284,144,475
frame1896.jpg,464,848,se,31,278,137,463
frame1904.jpg,464,848,se,14,250,105,445
frame1912.jpg,464,848,se,1,237,68,427
frame192.jpg,464,848,se,122,236,235,432
frame1920.jpg,464,848,se,1,253,85,434
frame1928.jpg,464,848,se,16,250,121,437
frame1936.jpg,464,848,se,1,243,85,426
frame1944.jpg,464,848,se,1,252,44,427
frame1968.jpg,464,848,se,5,246,95,423
frame1976.jpg,464,848,se,59,257,148,436
frame1984.jpg,464,848,se,116,240,211,431
frame1992.jpg,464,848,se,161,240,250,418
frame200.jpg,464,848,se,77,258,199,455
frame2000.jpg,464,848,se,193,243,287,422
frame2008.jpg,464,848,se,218,204,303,391
frame2016.jpg,464,848,se,204,232,285,404
frame2024.jpg,464,848,se,161,248,257,425
frame2032.jpg,464,848,se,155,259,245,439
frame2040.jpg,464,848,se,114,232,208,422
frame2048.jpg,464,848,se,112,232,202,426
frame2056.jpg,464,848,se,103,218,194,427
frame2064.jpg,464,848,se,104,236,199,427
frame2072.jpg,464,848,se,105,222,208,428
frame208.jpg,464,848,se,21,266,143,475
frame2080.jpg,464,848,se,105,236,208,434
frame2088.jpg,464,848,se,111,221,212,427
frame2096.jpg,464,848,se,126,243,221,439
frame2104.jpg,464,848,se,139,258,250,458
frame2112.jpg,464,848,se,140,261,249,459
frame2120.jpg,464,848,se,148,259,244,458
frame2128.jpg,464,848,se,149,280,243,478
frame2136.jpg,464,848,se,141,262,243,457
frame2144.jpg,464,848,se,80,245,184,452
frame2152.jpg,464,848,se,30,252,128,462
frame216.jpg,464,848,se,1,255,71,450
frame2160.jpg,464,848,se,45,286,132,477
frame2168.jpg,464,848,se,27,252,113,426
frame2176.jpg,464,848,se,75,278,164,462
frame2184.jpg,464,848,se,161,268,254,452
frame2192.jpg,464,848,se,255,254,362,446
frame2200.jpg,464,848,se,362,272,464,448
frame2208.jpg,464,848,se,394,244,464,408
frame2216.jpg,464,848,se,366,272,452,448
frame2224.jpg,464,848,se,299,226,403,390
frame2232.jpg,464,848,se,234,216,328,395
frame224.jpg,464,848,se,1,234,84,496
frame2240.jpg,464,848,se,180,236,275,421
frame2248.jpg,464,848,se,113,202,193,371
frame2256.jpg,464,848,se,82,209,168,368
frame2264.jpg,464,848,se,84,212,178,370
frame2272.jpg,464,848,se,98,228,184,391
frame2280.jpg,464,848,se,96,234,189,399
frame2288.jpg,464,848,se,94,241,186,399
frame2296.jpg,464,848,se,84,250,167,391
frame2304.jpg,464,848,se,72,267,148,427
frame2312.jpg,464,848,se,66,272,137,430
frame232.jpg,464,848,se,27,255,135,458
frame2320.jpg,464,848,se,62,267,144,428
frame2328.jpg,464,848,se,64,262,150,440
frame2336.jpg,464,848,se,59,258,134,432
frame2344.jpg,464,848,se,61,273,141,439
frame2352.jpg,464,848,se,73,276,154,437
frame2360.jpg,464,848,se,80,270,157,445
frame2368.jpg,464,848,se,84,268,161,439
frame2376.jpg,464,848,se,91,281,161,440
frame2384.jpg,464,848,se,77,284,149,443
frame2392.jpg,464,848,se,85,282,158,440
frame24.jpg,464,848,se,86,228,178,393
frame240.jpg,464,848,se,73,263,211,466
frame2400.jpg,464,848,se,116,268,191,427
frame2416.jpg,464,848,se,95,262,187,414
frame2424.jpg,464,848,se,90,258,166,418
frame2432.jpg,464,848,se,71,295,146,450
frame2440.jpg,464,848,se,87,290,178,436
frame2448.jpg,464,848,se,119,318,200,466
frame2456.jpg,464,848,se,107,332,189,484
frame2464.jpg,464,848,se,77,262,163,420
frame2472.jpg,464,848,se,54,280,131,435
frame248.jpg,464,848,se,126,282,250,489
frame2480.jpg,464,848,se,43,255,150,400
frame2488.jpg,464,848,se,59,248,140,400
frame2504.jpg,464,848,se,64,230,148,394
frame2512.jpg,464,848,se,85,226,164,389
frame2520.jpg,464,848,se,116,216,191,384
frame2528.jpg,464,848,se,119,199,209,382
frame2536.jpg,464,848,se,132,193,223,364
frame2544.jpg,464,848,se,127,209,214,378
frame2552.jpg,464,848,se,159,275,239,449
frame256.jpg,464,848,se,189,267,304,478
frame2560.jpg,464,848,se,161,253,249,427
frame2568.jpg,464,848,se,175,267,271,453
frame2576.jpg,464,848,se,200,246,285,427
frame2584.jpg,464,848,se,211,275,298,440
frame2592.jpg,464,848,se,214,278,309,449
frame2600.jpg,464,848,se,217,263,303,439
frame2608.jpg,464,848,se,219,282,317,454
frame2616.jpg,464,848,se,207,273,307,444
frame2624.jpg,464,848,se,177,262,267,434
frame2632.jpg,464,848,se,152,239,239,414
frame264.jpg,464,848,se,236,267,344,467
frame2640.jpg,464,848,se,102,231,187,411
frame2648.jpg,464,848,se,116,261,196,441
frame2656.jpg,464,848,se,131,305,211,484
frame2664.jpg,464,848,se,131,262,216,441
frame2672.jpg,464,848,se,153,225,240,416
frame2680.jpg,464,848,se,166,218,254,400
frame2688.jpg,464,848,se,176,204,257,395
frame2696.jpg,464,848,se,190,204,277,389
frame2704.jpg,464,848,se,164,205,255,398
frame2712.jpg,464,848,se,116,185,208,385
frame2720.jpg,464,848,se,104,181,198,371
frame2728.jpg,464,848,se,109,212,213,376
frame2736.jpg,464,848,se,123,216,218,386
frame2744.jpg,464,848,se,125,217,218,399
frame2752.jpg,464,848,se,90,208,178,394
frame2760.jpg,464,848,se,69,196,154,381
frame2768.jpg,464,848,se,78,182,166,366
frame2776.jpg,464,848,se,77,190,166,373
frame2784.jpg,464,848,se,58,208,144,391
frame2792.jpg,464,848,se,32,218,119,408
frame2800.jpg,464,848,se,3,218,90,403
frame2808.jpg,464,848,se,2,211,84,396
frame2816.jpg,464,848,se,21,193,113,385
frame2824.jpg,464,848,se,31,171,125,371
frame2832.jpg,464,848,se,57,157,150,354
frame2840.jpg,464,848,se,132,175,226,370
frame2848.jpg,464,848,se,193,208,291,403
frame2856.jpg,464,848,se,191,220,286,411
frame2864.jpg,464,848,se,190,218,291,403
frame2872.jpg,464,848,se,195,226,287,417
frame288.jpg,464,848,se,213,281,317,458
frame2880.jpg,464,848,se,207,240,302,425
frame2888.jpg,464,848,se,226,267,313,441
frame2896.jpg,464,848,se,218,289,302,459
frame2904.jpg,464,848,se,234,311,317,486
frame2912.jpg,464,848,se,259,349,336,514
frame2920.jpg,464,848,se,227,343,309,509
frame2928.jpg,464,848,se,157,241,248,434
frame2936.jpg,464,848,se,91,196,180,396
frame2944.jpg,464,848,se,28,190,114,378
frame2952.jpg,464,848,se,18,194,96,382
frame296.jpg,464,848,se,180,286,287,480
frame2960.jpg,464,848,se,22,230,96,409
frame2968.jpg,464,848,se,40,211,121,394
frame2976.jpg,464,848,se,76,211,162,403
frame2984.jpg,464,848,se,126,182,216,394
frame2992.jpg,464,848,se,194,155,287,372
frame3000.jpg,464,848,se,266,158,361,378
frame3008.jpg,464,848,se,317,149,423,371
frame3016.jpg,464,848,se,345,144,449,366
frame3024.jpg,464,848,se,337,175,444,378
frame3032.jpg,464,848,se,275,205,363,409
frame304.jpg,464,848,se,130,250,228,435
frame3040.jpg,464,848,se,187,232,284,440
frame3048.jpg,464,848,se,104,244,212,454
frame3056.jpg,464,848,se,61,237,158,454
frame3064.jpg,464,848,se,32,236,140,475
frame3072.jpg,464,848,se,25,266,130,478
frame3080.jpg,464,848,se,17,272,119,489
frame3088.jpg,464,848,se,18,293,117,504
frame3096.jpg,464,848,se,31,270,122,489
frame3104.jpg,464,848,se,62,289,155,493
frame3112.jpg,464,848,se,73,273,177,482
frame312.jpg,464,848,se,108,268,195,445
frame3120.jpg,464,848,se,96,286,194,489
frame3128.jpg,464,848,se,95,300,182,499
frame3136.jpg,464,848,se,94,286,189,484
frame3144.jpg,464,848,se,100,291,184,494
frame3152.jpg,464,848,se,100,294,195,484
frame3160.jpg,464,848,se,89,300,189,498
frame3168.jpg,464,848,se,94,311,191,517
frame3176.jpg,464,848,se,111,323,213,526
frame3184.jpg,464,848,se,130,313,250,520
frame3192.jpg,464,848,se,148,323,258,516
frame6344.jpg,464,848,se,69,250,154,412
frame320.jpg,464,848,se,98,259,207,437
frame3200.jpg,464,848,se,135,317,255,509
frame3208.jpg,464,848,se,130,313,248,516
frame3216.jpg,464,848,se,135,312,245,526
frame3224.jpg,464,848,se,140,317,251,512
frame3232.jpg,464,848,se,140,316,252,511
frame3240.jpg,464,848,se,137,303,243,500
frame3256.jpg,464,848,se,110,303,212,499
frame3264.jpg,464,848,se,84,287,208,490
frame3272.jpg,464,848,se,101,295,205,496
frame328.jpg,464,848,se,91,248,198,427
frame3280.jpg,464,848,se,112,290,217,488
frame3288.jpg,464,848,se,122,323,215,516
frame3296.jpg,464,848,se,131,304,231,495
frame3304.jpg,464,848,se,130,300,231,491
frame3312.jpg,464,848,se,150,288,238,474
frame3320.jpg,464,848,se,142,298,256,486
frame3328.jpg,464,848,se,148,274,259,471
frame3336.jpg,464,848,se,151,281,255,473
frame3344.jpg,464,848,se,138,270,233,466
frame3352.jpg,464,848,se,134,258,219,457
frame336.jpg,464,848,se,82,195,180,378
frame3360.jpg,464,848,se,118,262,212,446
frame3368.jpg,464,848,se,90,267,192,449
frame3376.jpg,464,848,se,75,259,148,449
frame3384.jpg,464,848,se,54,257,142,444
frame3392.jpg,464,848,se,44,256,140,453
frame3400.jpg,464,848,se,58,242,159,442
frame3408.jpg,464,848,se,44,237,158,434
frame3416.jpg,464,848,se,54,240,155,437
frame3424.jpg,464,848,se,56,236,159,433
frame3432.jpg,464,848,se,56,238,171,436
frame344.jpg,464,848,se,62,207,172,389
frame3440.jpg,464,848,se,71,242,158,440
frame3448.jpg,464,848,se,76,245,162,431
frame3456.jpg,464,848,se,121,275,208,471
frame3464.jpg,464,848,se,126,332,214,529
frame3472.jpg,464,848,se,133,332,219,525
frame3480.jpg,464,848,se,169,339,258,528
frame3488.jpg,464,848,se,205,384,289,552
frame3496.jpg,464,848,se,200,404,296,590
frame3504.jpg,464,848,se,157,380,248,576
frame3512.jpg,464,848,se,132,318,218,494
frame352.jpg,464,848,se,72,214,180,398
frame3520.jpg,464,848,se,98,299,182,486
frame3528.jpg,464,848,se,61,335,145,505
frame3536.jpg,464,848,se,52,314,130,485
frame3544.jpg,464,848,se,36,298,118,482
frame3552.jpg,464,848,se,55,293,136,472
frame3560.jpg,464,848,se,78,278,162,472
frame3568.jpg,464,848,se,90,295,173,477
frame3576.jpg,464,848,se,105,298,185,502
frame3584.jpg,464,848,se,171,280,255,472
frame3592.jpg,464,848,se,221,320,314,498
frame360.jpg,464,848,se,67,236,175,430
frame3600.jpg,464,848,se,225,330,316,502
frame3608.jpg,464,848,se,221,323,299,498
frame3616.jpg,464,848,se,207,290,291,477
frame3624.jpg,464,848,se,166,273,257,481
frame3632.jpg,464,848,se,161,275,253,476
frame3640.jpg,464,848,se,158,280,266,493
frame3648.jpg,464,848,se,154,277,243,482
frame3656.jpg,464,848,se,90,239,185,455
frame3664.jpg,464,848,se,63,250,154,453
frame3672.jpg,464,848,se,52,290,143,480
frame368.jpg,464,848,se,61,286,157,471
frame3680.jpg,464,848,se,2,307,68,485
frame3688.jpg,464,848,se,1,334,49,517
frame3696.jpg,464,848,se,3,357,61,536
frame3704.jpg,464,848,se,1,308,69,502
frame3712.jpg,464,848,se,11,273,99,461
frame3720.jpg,464,848,se,86,307,173,500
frame3728.jpg,464,848,se,118,294,218,500
frame3736.jpg,464,848,se,127,264,221,484
frame3744.jpg,464,848,se,150,249,239,482
frame3752.jpg,464,848,se,178,248,266,459
frame376.jpg,464,848,se,54,298,164,478
frame3760.jpg,464,848,se,167,263,253,462
frame3768.jpg,464,848,se,173,291,280,478
frame3776.jpg,464,848,se,178,294,253,470
frame3784.jpg,464,848,se,136,318,228,503
frame3792.jpg,464,848,se,57,278,154,471
frame3800.jpg,464,848,se,2,246,68,461
frame3808.jpg,464,848,se,2,272,18,436
frame3832.jpg,464,848,se,1,293,73,484
frame384.jpg,464,848,se,52,326,153,512
frame3840.jpg,464,848,se,22,286,114,480
frame3848.jpg,464,848,se,78,293,158,475
frame3856.jpg,464,848,se,105,262,198,441
frame3864.jpg,464,848,se,96,264,202,485
frame3872.jpg,464,848,se,91,280,187,489
frame3880.jpg,464,848,se,85,286,173,511
frame3888.jpg,464,848,se,87,289,196,523
frame3896.jpg,464,848,se,95,281,213,521
frame3904.jpg,464,848,se,105,271,222,520
frame3912.jpg,464,848,se,126,258,248,499
frame392.jpg,464,848,se,39,354,137,537
frame3920.jpg,464,848,se,154,268,267,499
frame3928.jpg,464,848,se,187,264,304,503
frame3936.jpg,464,848,se,222,281,330,509
frame3944.jpg,464,848,se,237,321,360,552
frame3952.jpg,464,848,se,232,344,351,560
frame3960.jpg,464,848,se,190,338,315,550
frame3968.jpg,464,848,se,187,333,284,546
frame3976.jpg,464,848,se,161,331,258,539
frame3984.jpg,464,848,se,134,291,219,477
frame3992.jpg,464,848,se,137,299,229,486
frame40.jpg,464,848,se,59,219,151,398
frame400.jpg,464,848,se,52,363,149,561
frame4000.jpg,464,848,se,130,293,229,470
frame4008.jpg,464,848,se,130,281,232,461
frame4016.jpg,464,848,se,120,270,209,483
frame4024.jpg,464,848,se,109,280,207,487
frame4032.jpg,464,848,se,82,293,172,487
frame4040.jpg,464,848,se,33,295,141,489
frame4048.jpg,464,848,se,25,300,116,472
frame4056.jpg,464,848,se,45,325,154,490
frame4064.jpg,464,848,se,51,304,154,476
frame4072.jpg,464,848,se,45,308,134,472
frame408.jpg,464,848,se,48,398,148,576
frame4080.jpg,464,848,se,8,298,96,460
frame4088.jpg,464,848,se,8,309,98,485
frame4096.jpg,464,848,se,26,294,134,489
frame4104.jpg,464,848,se,63,282,159,472
frame4112.jpg,464,848,se,84,302,178,503
frame4120.jpg,464,848,se,115,315,204,511
frame4128.jpg,464,848,se,159,305,255,518
frame4136.jpg,464,848,se,202,317,289,530
frame4144.jpg,464,848,se,232,300,334,511
frame4152.jpg,464,848,se,226,324,317,522
frame416.jpg,464,848,se,39,381,164,564
frame4160.jpg,464,848,se,171,318,255,509
frame4168.jpg,464,848,se,43,300,172,473
frame4176.jpg,464,848,se,4,317,108,465
frame4184.jpg,464,848,se,2,325,64,481
frame4192.jpg,464,848,se,1,317,59,493
frame4232.jpg,464,848,se,1,355,65,531
frame424.jpg,464,848,se,44,404,148,585
frame4240.jpg,464,848,se,45,351,119,521
frame4248.jpg,464,848,se,78,360,160,518
frame4256.jpg,464,848,se,87,347,181,507
frame4264.jpg,464,848,se,93,325,164,485
frame4272.jpg,464,848,se,59,304,137,472
frame4280.jpg,464,848,se,9,291,95,455
frame4296.jpg,464,848,se,2,217,76,387
frame4304.jpg,464,848,se,11,221,100,385
frame4312.jpg,464,848,se,14,222,85,386
frame432.jpg,464,848,se,46,385,158,572
frame4320.jpg,464,848,se,25,222,104,385
frame4328.jpg,464,848,se,35,221,138,385
frame4336.jpg,464,848,se,43,215,122,376
frame4344.jpg,464,848,se,32,213,122,381
frame4352.jpg,464,848,se,34,225,124,387
frame4360.jpg,464,848,se,38,230,121,394
frame4368.jpg,464,848,se,41,233,132,394
frame4376.jpg,464,848,se,28,235,119,393
frame4384.jpg,464,848,se,19,243,104,400
frame4392.jpg,464,848,se,3,252,104,415
frame440.jpg,464,848,se,76,336,175,525
frame4400.jpg,464,848,se,9,255,99,415
frame4408.jpg,464,848,se,15,257,104,417
frame4416.jpg,464,848,se,13,250,103,411
frame4424.jpg,464,848,se,4,235,89,403
frame4432.jpg,464,848,se,17,242,94,395
frame4440.jpg,464,848,se,15,225,95,399
frame4448.jpg,464,848,se,19,212,104,389
frame4456.jpg,464,848,se,20,235,111,404
frame4464.jpg,464,848,se,16,237,106,405
frame4472.jpg,464,848,se,25,239,96,409
frame448.jpg,464,848,se,96,316,193,523
frame4480.jpg,464,848,se,29,220,104,398
frame4488.jpg,464,848,se,29,212,116,396
frame4496.jpg,464,848,se,25,216,112,403
frame4504.jpg,464,848,se,21,216,120,411
frame4512.jpg,464,848,se,59,208,151,403
frame4520.jpg,464,848,se,48,217,139,413
frame4528.jpg,464,848,se,60,155,158,377
frame4536.jpg,464,848,se,81,165,168,374
frame4544.jpg,464,848,se,69,181,158,370
frame4552.jpg,464,848,se,7,217,130,450
frame456.jpg,464,848,se,81,275,187,463
frame4560.jpg,464,848,se,91,216,185,412
frame4568.jpg,464,848,se,169,199,284,398
frame4576.jpg,464,848,se,190,205,294,389
frame4584.jpg,464,848,se,195,237,289,420
frame4592.jpg,464,848,se,158,241,251,413
frame4600.jpg,464,848,se,78,191,169,385
frame4608.jpg,464,848,se,4,203,108,377
frame464.jpg,464,848,se,48,262,153,462
frame4640.jpg,464,848,se,16,218,106,370
frame4648.jpg,464,848,se,25,215,120,380
frame4656.jpg,464,848,se,48,220,128,383
frame4664.jpg,464,848,se,35,196,142,381
frame4672.jpg,464,848,se,32,212,113,381
frame4680.jpg,464,848,se,19,218,100,383
frame4688.jpg,464,848,se,8,217,122,386
frame4696.jpg,464,848,se,16,213,95,387
frame4704.jpg,464,848,se,13,225,104,391
frame4712.jpg,464,848,se,4,230,72,408
frame472.jpg,464,848,se,25,294,130,487
frame4720.jpg,464,848,se,3,247,67,405
frame4728.jpg,464,848,se,9,261,85,421
frame4736.jpg,464,848,se,4,229,103,395
frame4744.jpg,464,848,se,35,213,132,390
frame4752.jpg,464,848,se,73,221,150,394
frame4760.jpg,464,848,se,91,211,164,380
frame4768.jpg,464,848,se,80,220,167,384
frame4776.jpg,464,848,se,77,244,150,405
frame4784.jpg,464,848,se,61,236,144,413
frame4792.jpg,464,848,se,78,243,150,405
frame48.jpg,464,848,se,32,231,106,379
frame480.jpg,464,848,se,39,317,143,507
frame4800.jpg,464,848,se,82,244,167,411
frame4808.jpg,464,848,se,104,237,187,414
frame4816.jpg,464,848,se,117,230,198,417
frame4824.jpg,464,848,se,135,230,207,413
frame4832.jpg,464,848,se,127,202,213,403
frame4840.jpg,464,848,se,166,230,264,422
frame4848.jpg,464,848,se,205,257,296,432
frame4856.jpg,464,848,se,212,259,299,437
frame4864.jpg,464,848,se,221,286,305,452
frame4872.jpg,464,848,se,223,257,325,425
frame488.jpg,464,848,se,50,294,169,490
frame4880.jpg,464,848,se,219,258,322,409
frame4888.jpg,464,848,se,196,248,317,396
frame4896.jpg,464,848,se,135,180,241,359
frame4904.jpg,464,848,se,69,207,163,396
frame4912.jpg,464,848,se,37,164,143,349
frame4920.jpg,464,848,se,48,182,144,353
frame4928.jpg,464,848,se,48,190,144,349
frame4936.jpg,464,848,se,53,190,155,352
frame4944.jpg,464,848,se,64,186,152,350
frame4952.jpg,464,848,se,78,189,167,350
frame496.jpg,464,848,se,123,262,237,439
frame4960.jpg,464,848,se,62,205,152,363
frame4968.jpg,464,848,se,45,212,140,371
frame4976.jpg,464,848,se,43,209,127,373
frame4984.jpg,464,848,se,26,207,107,382
frame4992.jpg,464,848,se,4,223,100,389
frame5000.jpg,464,848,se,8,214,102,375
frame5008.jpg,464,848,se,28,211,111,384
frame5016.jpg,464,848,se,50,212,136,382
frame5024.jpg,464,848,se,64,212,162,382
frame5032.jpg,464,848,se,69,204,171,387
frame504.jpg,464,848,se,193,313,311,485
frame5040.jpg,464,848,se,72,198,161,373
frame5048.jpg,464,848,se,49,186,130,367
frame5056.jpg,464,848,se,19,198,118,391
frame5064.jpg,464,848,se,39,214,137,405
frame5072.jpg,464,848,se,52,181,148,380
frame5080.jpg,464,848,se,68,211,167,389
frame5088.jpg,464,848,se,69,212,176,390
frame5096.jpg,464,848,se,87,216,189,403
frame5104.jpg,464,848,se,66,199,173,393
frame5112.jpg,464,848,se,99,191,186,395
frame512.jpg,464,848,se,171,304,304,484
frame5120.jpg,464,848,se,109,211,190,400
frame5128.jpg,464,848,se,111,211,193,393
frame5136.jpg,464,848,se,128,198,227,396
frame5144.jpg,464,848,se,153,205,248,398
frame5152.jpg,464,848,se,149,205,237,405
frame5160.jpg,464,848,se,159,189,241,402
frame5168.jpg,464,848,se,173,236,261,425
frame5176.jpg,464,848,se,209,282,286,455
frame5184.jpg,464,848,se,176,275,253,444
frame5192.jpg,464,848,se,114,248,191,417
frame520.jpg,464,848,se,69,282,184,463
frame5200.jpg,464,848,se,84,216,180,387
frame5208.jpg,464,848,se,71,211,162,377
frame5216.jpg,464,848,se,78,191,176,376
frame5224.jpg,464,848,se,82,195,175,363
frame5232.jpg,464,848,se,82,231,193,391
frame5240.jpg,464,848,se,46,231,149,393
frame5248.jpg,464,848,se,57,258,141,422
frame5264.jpg,464,848,se,28,293,119,463
frame5272.jpg,464,848,se,58,254,157,441
frame528.jpg,464,848,se,100,327,200,503
frame5280.jpg,464,848,se,87,259,181,441
frame5288.jpg,464,848,se,94,276,195,455
frame5296.jpg,464,848,se,103,266,199,454
frame5304.jpg,464,848,se,109,248,223,437
frame5312.jpg,464,848,se,116,237,213,423
frame5320.jpg,464,848,se,113,237,211,421
frame5328.jpg,464,848,se,134,250,228,422
frame5336.jpg,464,848,se,145,240,246,413
frame5344.jpg,464,848,se,143,220,226,417
frame5352.jpg,464,848,se,149,236,244,428
frame536.jpg,464,848,se,107,325,195,494
frame5360.jpg,464,848,se,139,241,226,439
frame5368.jpg,464,848,se,126,255,216,449
frame5376.jpg,464,848,se,150,316,230,484
frame5384.jpg,464,848,se,143,316,230,494
frame5392.jpg,464,848,se,134,320,212,493
frame5400.jpg,464,848,se,125,313,211,503
frame5408.jpg,464,848,se,117,314,196,482
frame5416.jpg,464,848,se,114,276,198,454
frame5424.jpg,464,848,se,105,273,200,454
frame5432.jpg,464,848,se,98,255,193,441
frame544.jpg,464,848,se,96,328,194,493
frame5440.jpg,464,848,se,78,264,167,440
frame5448.jpg,464,848,se,57,262,143,436
frame5456.jpg,464,848,se,58,263,146,443
frame5464.jpg,464,848,se,82,230,184,428
frame5472.jpg,464,848,se,114,231,209,425
frame5480.jpg,464,848,se,111,245,204,437
frame5488.jpg,464,848,se,117,236,223,437
frame5496.jpg,464,848,se,140,264,232,450
frame5504.jpg,464,848,se,154,246,254,441
frame5512.jpg,464,848,se,153,250,248,441
frame552.jpg,464,848,se,91,321,191,485
frame5520.jpg,464,848,se,152,264,234,444
frame5528.jpg,464,848,se,158,249,241,432
frame5536.jpg,464,848,se,173,261,269,425
frame5544.jpg,464,848,se,180,266,276,434
frame5552.jpg,464,848,se,190,235,278,452
frame5560.jpg,464,848,se,226,271,339,454
frame5568.jpg,464,848,se,255,289,366,454
frame5576.jpg,464,848,se,261,237,395,431
frame5584.jpg,464,848,se,241,185,344,380
frame5592.jpg,464,848,se,199,150,300,341
frame56.jpg,464,848,se,2,211,93,398
frame560.jpg,464,848,se,96,286,186,450
frame5600.jpg,464,848,se,122,128,241,332
frame5608.jpg,464,848,se,99,148,200,325
frame5616.jpg,464,848,se,90,170,190,352
frame5624.jpg,464,848,se,72,202,173,373
frame5632.jpg,464,848,se,59,203,167,371
frame5640.jpg,464,848,se,77,264,172,436
frame5648.jpg,464,848,se,109,328,193,481
frame5656.jpg,464,848,se,91,346,187,500
frame5664.jpg,464,848,se,71,361,161,507
frame5672.jpg,464,848,se,23,336,111,500
frame568.jpg,464,848,se,93,309,181,464
frame5680.jpg,464,848,se,2,325,58,481
frame5696.jpg,464,848,se,5,336,91,494
frame5704.jpg,464,848,se,27,321,121,480
frame5712.jpg,464,848,se,71,323,148,482
frame5720.jpg,464,848,se,94,316,176,481
frame5728.jpg,464,848,se,104,317,177,478
frame5736.jpg,464,848,se,95,311,187,476
frame5744.jpg,464,848,se,75,305,159,471
frame5752.jpg,464,848,se,55,299,148,464
frame576.jpg,464,848,se,91,307,168,472
frame5760.jpg,464,848,se,49,266,127,441
frame5768.jpg,464,848,se,35,241,123,411
frame5776.jpg,464,848,se,21,230,111,396
frame5784.jpg,464,848,se,17,220,112,394
frame5792.jpg,464,848,se,30,214,103,385
frame5800.jpg,464,848,se,28,218,118,398
frame5808.jpg,464,848,se,35,230,116,396
frame5816.jpg,464,848,se,41,239,118,418
frame5824.jpg,464,848,se,58,278,140,439
frame5832.jpg,464,848,se,63,275,146,437
frame584.jpg,464,848,se,109,335,199,504
frame5840.jpg,464,848,se,62,268,153,431
frame5848.jpg,464,848,se,41,255,139,452
frame5856.jpg,464,848,se,18,270,94,448
frame5864.jpg,464,848,se,45,239,139,427
frame5872.jpg,464,848,se,85,222,189,426
frame5880.jpg,464,848,se,114,214,213,414
frame5888.jpg,464,848,se,137,208,234,400
frame5896.jpg,464,848,se,217,217,316,391
frame5904.jpg,464,848,se,269,248,375,428
frame5912.jpg,464,848,se,303,280,430,448
frame592.jpg,464,848,se,146,358,236,513
frame5920.jpg,464,848,se,267,275,385,443
frame5928.jpg,464,848,se,178,245,300,425
frame5936.jpg,464,848,se,108,216,221,402
frame5944.jpg,464,848,se,85,207,180,394
frame5952.jpg,464,848,se,75,213,193,390
frame5960.jpg,464,848,se,39,172,152,390
frame5968.jpg,464,848,se,11,214,89,381
frame5976.jpg,464,848,se,3,227,73,398
frame5984.jpg,464,848,se,7,228,95,396
frame5992.jpg,464,848,se,16,223,103,402
frame600.jpg,464,848,se,168,372,252,534
frame6000.jpg,464,848,se,16,235,100,403
frame6008.jpg,464,848,se,22,234,96,405
frame6016.jpg,464,848,se,17,252,105,434
frame6024.jpg,464,848,se,13,218,112,408
frame6032.jpg,464,848,se,4,184,69,352
frame6040.jpg,464,848,se,1,150,57,339
frame6056.jpg,464,848,se,9,143,90,334
frame6064.jpg,464,848,se,95,150,175,331
frame6072.jpg,464,848,se,126,159,211,355
frame608.jpg,464,848,se,157,380,246,544
frame6080.jpg,464,848,se,164,161,261,358
frame6088.jpg,464,848,se,207,186,294,380
frame6096.jpg,464,848,se,243,230,337,414
frame6104.jpg,464,848,se,284,226,390,412
frame6112.jpg,464,848,se,312,218,411,412
frame6120.jpg,464,848,se,344,237,449,414
frame6128.jpg,464,848,se,357,239,453,407
frame6136.jpg,464,848,se,294,233,391,414
frame6144.jpg,464,848,se,225,215,326,404
frame616.jpg,464,848,se,127,364,232,531
frame6160.jpg,464,848,se,142,224,234,402
frame6168.jpg,464,848,se,119,219,209,388
frame6176.jpg,464,848,se,105,232,184,394
frame6184.jpg,464,848,se,98,262,167,412
frame6192.jpg,464,848,se,76,273,173,431
frame6200.jpg,464,848,se,65,269,154,424
frame6208.jpg,464,848,se,37,246,122,409
frame6216.jpg,464,848,se,18,232,104,400
frame6224.jpg,464,848,se,34,232,109,404
frame6232.jpg,464,848,se,43,219,119,383
frame624.jpg,464,848,se,121,364,204,523
frame6240.jpg,464,848,se,68,212,154,387
frame6248.jpg,464,848,se,104,208,198,383
frame6256.jpg,464,848,se,108,208,227,386
frame6264.jpg,464,848,se,98,229,201,399
frame6272.jpg,464,848,se,98,240,187,412
frame6280.jpg,464,848,se,101,236,188,400
frame6288.jpg,464,848,se,94,231,181,392
frame6296.jpg,464,848,se,73,225,169,384
frame6304.jpg,464,848,se,35,209,144,362
frame6312.jpg,464,848,se,59,221,144,373
frame632.jpg,464,848,se,114,354,190,516
frame6320.jpg,464,848,se,72,242,169,382
frame6328.jpg,464,848,se,73,248,167,395
frame6336.jpg,464,848,se,71,256,159,403
frame6344.jpg,464,848,se,73,245,162,411
frame6352.jpg,464,848,se,50,265,142,420
frame6360.jpg,464,848,se,37,267,131,424
frame6368.jpg,464,848,se,46,252,133,421
frame6376.jpg,464,848,se,59,248,152,417
frame6384.jpg,464,848,se,58,249,148,417
frame6392.jpg,464,848,se,56,249,148,419
frame64.jpg,464,848,se,1,217,69,414
frame640.jpg,464,848,se,58,337,154,499
frame6400.jpg,464,848,se,38,249,123,415
frame6408.jpg,464,848,se,44,246,131,417
frame6416.jpg,464,848,se,63,228,143,400
frame6424.jpg,464,848,se,89,236,181,413
frame6432.jpg,464,848,se,92,229,184,416
frame6440.jpg,464,848,se,108,250,193,427
frame6448.jpg,464,848,se,88,265,171,434
frame6456.jpg,464,848,se,54,225,147,415
frame6464.jpg,464,848,se,48,229,143,419
frame6472.jpg,464,848,se,43,245,138,427
frame648.jpg,464,848,se,50,346,153,502
frame6480.jpg,464,848,se,38,242,131,446
frame6488.jpg,464,848,se,59,267,147,453
frame6496.jpg,464,848,se,89,278,187,461
frame6504.jpg,464,848,se,96,294,185,481
frame6512.jpg,464,848,se,102,299,193,477
frame6520.jpg,464,848,se,83,309,160,479
frame6528.jpg,464,848,se,44,303,133,477
frame6536.jpg,464,848,se,17,319,100,479
frame6544.jpg,464,848,se,12,321,105,490
frame6552.jpg,464,848,se,10,329,110,487
frame656.jpg,464,848,se,49,368,134,532
frame6560.jpg,464,848,se,5,324,94,483
frame6568.jpg,464,848,se,2,306,81,466
frame6608.jpg,464,848,se,12,212,106,383
frame6616.jpg,464,848,se,44,206,143,396
frame6624.jpg,464,848,se,79,211,163,398
frame6632.jpg,464,848,se,81,215,172,398
frame664.jpg,464,848,se,43,387,127,544
frame6640.jpg,464,848,se,102,215,200,398
frame6648.jpg,464,848,se,113,215,215,404
frame6656.jpg,464,848,se,105,220,223,415
frame6664.jpg,464,848,se,112,237,210,424
frame6672.jpg,464,848,se,122,234,215,423
frame6680.jpg,464,848,se,115,234,206,412
frame6688.jpg,464,848,se,115,253,202,433
frame6696.jpg,464,848,se,123,261,217,453
frame6704.jpg,464,848,se,130,256,231,440
frame6712.jpg,464,848,se,168,269,258,465
frame672.jpg,464,848,se,50,390,128,553
frame6720.jpg,464,848,se,187,209,281,427
frame6728.jpg,464,848,se,169,199,262,392
frame6736.jpg,464,848,se,108,174,210,358
frame6744.jpg,464,848,se,62,158,147,348
frame6752.jpg,464,848,se,54,167,142,363
frame6760.jpg,464,848,se,59,194,155,359
frame6768.jpg,464,848,se,68,191,168,356
frame6776.jpg,464,848,se,54,183,158,361
frame6784.jpg,464,848,se,48,186,143,349
frame6792.jpg,464,848,se,27,186,114,346
frame680.jpg,464,848,se,54,393,143,548
frame6800.jpg,464,848,se,1,183,71,366
frame6808.jpg,464,848,se,2,175,64,390
frame6816.jpg,464,848,se,4,213,80,373
frame6824.jpg,464,848,se,10,199,106,391
frame6832.jpg,464,848,se,18,192,96,352
frame6840.jpg,464,848,se,35,182,114,363
frame6848.jpg,464,848,se,22,186,104,375
frame6856.jpg,464,848,se,30,207,112,384
frame6864.jpg,464,848,se,46,202,123,362
frame6872.jpg,464,848,se,37,208,122,367
frame688.jpg,464,848,se,64,405,136,561
frame6880.jpg,464,848,se,71,207,156,361
frame6888.jpg,464,848,se,63,187,159,348
frame6896.jpg,464,848,se,50,208,142,381
frame6904.jpg,464,848,se,68,212,162,379
frame6912.jpg,464,848,se,55,236,158,420
frame6920.jpg,464,848,se,62,256,175,423
frame6928.jpg,464,848,se,59,258,175,436
frame6936.jpg,464,848,se,62,250,185,427
frame6944.jpg,464,848,se,73,245,180,436
frame6952.jpg,464,848,se,60,261,154,442
frame696.jpg,464,848,se,68,398,148,554
frame6960.jpg,464,848,se,54,220,146,407
frame6968.jpg,464,848,se,73,209,177,402
frame6976.jpg,464,848,se,143,213,248,416
frame6984.jpg,464,848,se,198,241,297,431
frame6992.jpg,464,848,se,219,246,331,436
frame7000.jpg,464,848,se,229,261,338,452
frame7008.jpg,464,848,se,218,282,330,466
frame7024.jpg,464,848,se,159,263,265,442
frame7032.jpg,464,848,se,147,266,244,450
frame704.jpg,464,848,se,87,389,167,546
frame7040.jpg,464,848,se,122,267,213,438
frame7048.jpg,464,848,se,89,271,179,463
frame7056.jpg,464,848,se,63,284,152,463
frame7064.jpg,464,848,se,71,299,155,471
frame7072.jpg,464,848,se,89,316,194,484
frame7080.jpg,464,848,se,97,311,193,511
frame7088.jpg,464,848,se,112,308,206,504
frame7096.jpg,464,848,se,130,319,221,503
frame7104.jpg,464,848,se,125,315,226,506
frame7112.jpg,464,848,se,114,287,213,473
frame712.jpg,464,848,se,85,387,164,544
frame7120.jpg,464,848,se,115,263,221,453
frame7128.jpg,464,848,se,113,261,218,448
frame7136.jpg,464,848,se,114,259,212,450
frame7144.jpg,464,848,se,96,259,200,453
frame7152.jpg,464,848,se,88,262,194,449
frame7160.jpg,464,848,se,88,256,185,449
frame7168.jpg,464,848,se,90,267,189,463
frame72.jpg,464,848,se,1,214,66,403
frame720.jpg,464,848,se,82,378,163,536
frame728.jpg,464,848,se,91,380,168,534
frame736.jpg,464,848,se,96,353,184,520
frame744.jpg,464,848,se,105,343,184,503
frame752.jpg,464,848,se,114,353,199,522
frame760.jpg,464,848,se,134,350,216,514
frame768.jpg,464,848,se,140,336,226,491
frame776.jpg,464,848,se,136,353,219,514
frame784.jpg,464,848,se,128,352,207,514
frame792.jpg,464,848,se,112,363,195,522
frame8.jpg,464,848,se,21,231,127,399
frame80.jpg,464,848,se,3,194,103,384
frame800.jpg,464,848,se,100,382,194,543
frame808.jpg,464,848,se,108,448,189,591
frame816.jpg,464,848,se,90,427,175,581
frame824.jpg,464,848,se,91,422,176,572
frame832.jpg,464,848,se,90,400,195,585
frame840.jpg,464,848,se,109,416,184,577
frame848.jpg,464,848,se,117,416,191,582
frame856.jpg,464,848,se,111,421,182,584
frame864.jpg,464,848,se,109,425,182,595
frame872.jpg,464,848,se,105,398,178,566
frame88.jpg,464,848,se,8,195,123,384
frame880.jpg,464,848,se,137,404,225,570
frame888.jpg,464,848,se,176,398,261,570
frame896.jpg,464,848,se,196,404,284,576
frame904.jpg,464,848,se,196,402,291,570
frame912.jpg,464,848,se,198,393,286,562
frame920.jpg,464,848,se,209,375,284,549
frame928.jpg,464,848,se,175,364,259,528
frame936.jpg,464,848,se,166,377,244,554
frame944.jpg,464,848,se,169,381,243,554
frame952.jpg,464,848,se,148,367,225,539
frame96.jpg,464,848,se,16,199,121,381
frame960.jpg,464,848,se,131,362,214,536
frame968.jpg,464,848,se,114,368,199,543
frame984.jpg,464,848,se,57,330,154,512
frame992.jpg,464,848,se,59,322,146,502
